date,code,strategy,entry_price,stop_loss,take_profit,rsi,volume_ratio,entry_date,exit_date,days_held,exit_price,shares,gross_pnl,net_pnl,pnl_percent,exit_reason,commission,r_r_ratio,hold_days
2024-05-24,DCS,BREAKOUT,0.7006999999999999,0.6649999999999999,0.77,66.66666666666666,9.074357158090363,2024-05-24,2024-05-31,7,0.76923,28542885.685742833,1956043.956043959,1893109.890109893,9.465549450549466,TAKE_PROFIT,62934.06593406594,,
2024-01-15,DCS,PULLBACK,0.5005,0.495,0.6,50.0,,2024-01-15,2024-01-19,4,0.5993999999999999,39960039.960039966,3952047.952047952,3886119.88011988,19.4305994005994,TAKE_PROFIT,65928.07192807193,19.99999999999998,
2024-01-16,DCS,PULLBACK,0.5005,0.495,0.6,50.0,,2024-01-16,2024-01-19,3,0.5993999999999999,39960039.960039966,3952047.952047952,3886119.88011988,19.4305994005994,TAKE_PROFIT,65928.07192807193,19.99999999999998,
2024-01-17,DCS,PULLBACK,0.5005,0.495,0.6,50.0,,2024-01-17,2024-01-19,2,0.5993999999999999,39960039.960039966,3952047.952047952,3886119.88011988,19.4305994005994,TAKE_PROFIT,65928.07192807193,19.99999999999998,
2024-01-18,DCS,PULLBACK,0.5005,0.495,0.6,50.0,,2024-01-18,2024-01-19,1,0.5993999999999999,39960039.960039966,3952047.952047952,3886119.88011988,19.4305994005994,TAKE_PROFIT,65928.07192807193,19.99999999999998,
2024-01-22,DCS,PULLBACK,0.5005,0.495,0.6,50.0,,2024-01-22,2024-01-26,4,0.5993999999999999,39960039.960039966,3952047.952047952,3886119.88011988,19.4305994005994,TAKE_PROFIT,65928.07192807193,19.99999999999998,
2024-01-23,DCS,PULLBACK,0.5005,0.495,0.6,50.0,,2024-01-23,2024-01-26,3,0.5993999999999999,39960039.960039966,3952047.952047952,3886119.88011988,19.4305994005994,TAKE_PROFIT,65928.07192807193,19.99999999999998,
2024-01-24,DCS,PULLBACK,0.5005,0.495,0.6,50.0,,2024-01-24,2024-01-26,2,0.5993999999999999,39960039.960039966,3952047.952047952,3886119.88011988,19.4305994005994,TAKE_PROFIT,65928.07192807193,19.99999999999998,
2024-02-23,DCS,EMA_CROSS,0.6005999999999999,0.4782021664062095,0.66,66.66666666666666,9.984400171292236,2024-02-23,2024-03-25,31,0.4995,33300033.300033305,-3366633.366633364,-3421583.416583414,-17.10791708291707,MAX_HOLD,54950.04995004996,,
2024-06-07,DIC,BREAKOUT,1.3013,1.2349999999999999,1.4300000000000002,66.66666666666669,3.6688732274460265,2024-06-07,2024-06-14,7,1.2337649999999998,15369246.138476908,-1037962.0379620399,-1096405.0949050968,-5.482025474525484,STOP_LOSS,58443.05694305694,,
2024-06-20,DIC,PULLBACK,1.2011999999999998,1.188,1.3,50.0,,2024-06-20,2024-06-21,1,1.2987,16650016.650016652,1623376.623376626,1560941.5584415612,7.804707792207806,TAKE_PROFIT,62435.06493506494,8.333333333333334,
2024-06-21,DIC,PULLBACK,1.2011999999999998,1.188,1.3,50.0,,2024-06-21,2024-06-28,7,1.2987,16650016.650016652,1623376.623376626,1560941.5584415612,7.804707792207806,TAKE_PROFIT,62435.06493506494,8.333333333333334,
2024-06-24,DIC,PULLBACK,1.2011999999999998,1.188,1.3,50.0,,2024-06-24,2024-06-28,4,1.2987,16650016.650016652,1623376.623376626,1560941.5584415612,7.804707792207806,TAKE_PROFIT,62435.06493506494,8.333333333333334,
2024-06-25,DIC,PULLBACK,1.2011999999999998,1.188,1.3,50.0,,2024-06-25,2024-06-28,3,1.2987,16650016.650016652,1623376.623376626,1560941.5584415612,7.804707792207806,TAKE_PROFIT,62435.06493506494,8.333333333333334,
2024-06-26,DIC,PULLBACK,1.2011999999999998,1.188,1.3,50.0,,2024-06-26,2024-06-28,2,1.2987,16650016.650016652,1623376.623376626,1560941.5584415612,7.804707792207806,TAKE_PROFIT,62435.06493506494,8.333333333333334,
2024-07-05,DIC,PULLBACK,1.2011999999999998,1.188,1.3,50.0,,2024-07-05,2024-07-08,3,1.2987,16650016.650016652,1623376.623376626,1560941.5584415612,7.804707792207806,TAKE_PROFIT,62435.06493506494,8.333333333333334,
2024-03-29,DIC,EMA_CROSS,1.4013999999999998,1.2161119135858498,1.54,100.0,4.100950780643608,2024-03-29,2024-04-05,7,1.214895801672264,14271442.842871416,-2661684.0063898363,-2717691.4803802515,-13.588457401901257,STOP_LOSS,56007.473990415245,,
2024-01-25,DVG,BREAKOUT,3.4033999999999995,3.23,3.74,66.66666666666666,6.497985763493966,2024-01-25,2024-01-29,4,3.22677,5876476.464711759,-1037962.0379620345,-1096405.0949050914,-5.482025474525457,STOP_LOSS,58443.056943056945,,
2024-01-11,DVG,PULLBACK,3.1031,2.9699999999999998,3.3,50.0,,2024-01-11,2024-01-25,14,3.2967,6445167.7354903165,1247784.4735909253,1185912.796880539,5.929563984402695,TAKE_PROFIT,61871.67671038639,1.5384615384615323,
2024-01-12,DVG,PULLBACK,3.1031,2.9699999999999998,3.3,50.0,,2024-01-12,2024-01-25,13,3.2967,6445167.7354903165,1247784.4735909253,1185912.796880539,5.929563984402695,TAKE_PROFIT,61871.67671038639,1.5384615384615323,
2024-01-31,DVG,PULLBACK,3.2032,2.9699999999999998,3.6,54.54545454545455,,2024-01-31,2024-02-22,22,3.5964,6243756.243756244,2455044.9550449564,2391362.387612389,11.956811938061945,TAKE_PROFIT,63682.56743256743,1.739130434782605,
2024-02-01,DVG,PULLBACK,3.2032,2.9699999999999998,3.6,54.54545454545455,,2024-02-01,2024-02-22,21,3.5964,6243756.243756244,2455044.9550449564,2391362.387612389,11.956811938061945,TAKE_PROFIT,63682.56743256743,1.739130434782605,
2024-02-05,DVG,PULLBACK,3.2032,2.9699999999999998,3.6,57.142857142857146,,2024-02-05,2024-02-22,17,3.5964,6243756.243756244,2455044.9550449564,2391362.387612389,11.956811938061945,TAKE_PROFIT,63682.56743256743,1.739130434782605,
2024-02-06,DVG,PULLBACK,3.1031,2.9699999999999998,3.6,53.33333333333334,,2024-02-06,2024-02-22,16,3.5964,6445167.7354903165,3179401.2439173735,3114632.1420514975,15.573160710257488,TAKE_PROFIT,64769.101865876066,3.846153846153836,
2024-02-07,DVG,PULLBACK,3.1031,2.9699999999999998,3.6,53.33333333333334,,2024-02-07,2024-02-22,15,3.5964,6445167.7354903165,3179401.2439173735,3114632.1420514975,15.573160710257488,TAKE_PROFIT,64769.101865876066,3.846153846153836,
2024-02-15,DVG,PULLBACK,3.1031,2.9699999999999998,3.6,53.33333333333334,,2024-02-15,2024-02-22,7,3.5964,6445167.7354903165,3179401.2439173735,3114632.1420514975,15.573160710257488,TAKE_PROFIT,64769.101865876066,3.846153846153836,
2024-02-16,DVG,PULLBACK,3.2032,2.9699999999999998,3.6,53.33333333333334,,2024-02-16,2024-02-22,6,3.5964,6243756.243756244,2455044.9550449564,2391362.387612389,11.956811938061945,TAKE_PROFIT,63682.56743256743,1.739130434782605,
2024-02-19,DVG,PULLBACK,3.2032,2.9699999999999998,3.6,57.142857142857146,,2024-02-19,2024-02-22,3,3.5964,6243756.243756244,2455044.9550449564,2391362.387612389,11.956811938061945,TAKE_PROFIT,63682.56743256743,1.739130434782605,
2024-02-20,DVG,PULLBACK,3.2032,2.9699999999999998,3.6,53.846153846153854,,2024-02-20,2024-02-22,2,3.5964,6243756.243756244,2455044.9550449564,2391362.387612389,11.956811938061945,TAKE_PROFIT,63682.56743256743,1.739130434782605,
2024-03-04,DVG,PULLBACK,3.2032,3.069,3.6,57.14285714285715,,2024-03-04,2024-03-18,14,3.065931,6243756.243756244,-857074.175824175,-915788.5645604387,-4.578942822802193,STOP_LOSS,58714.38873626373,3.0534351145038108,
2024-03-05,DVG,PULLBACK,3.2032,3.168,3.6,57.14285714285715,,2024-03-05,2024-03-11,6,3.164832,6243756.243756244,-239560.43956043792,-299201.09890109726,-1.4960054945054864,STOP_LOSS,59640.659340659346,12.499999999999986,
2024-03-07,DVG,PULLBACK,3.3032999999999992,3.168,3.6,57.142857142857125,,2024-03-07,2024-03-11,4,3.164832,6054551.509096965,-838361.6383616334,-897104.0959040909,-4.485520479520455,STOP_LOSS,58742.45754245755,2.2727272727272805,
2024-03-08,DVG,PULLBACK,3.3032999999999992,3.168,3.6,57.142857142857125,,2024-03-08,2024-03-11,3,3.164832,6054551.509096965,-838361.6383616334,-897104.0959040909,-4.485520479520455,STOP_LOSS,58742.45754245755,2.2727272727272805,
2024-03-11,DVG,PULLBACK,3.2032,3.069,3.6,50.0,,2024-03-11,2024-03-18,7,3.065931,6243756.243756244,-857074.175824175,-915788.5645604387,-4.578942822802193,STOP_LOSS,58714.38873626373,3.0534351145038108,
2024-03-14,DVG,PULLBACK,3.2032,3.069,3.6,40.00000000000002,,2024-03-14,2024-03-18,4,3.065931,6243756.243756244,-857074.175824175,-915788.5645604387,-4.578942822802193,STOP_LOSS,58714.38873626373,3.0534351145038108,
2024-03-15,DVG,PULLBACK,3.2032,3.069,3.6,40.00000000000002,,2024-03-15,2024-03-18,3,3.065931,6243756.243756244,-857074.175824175,-915788.5645604387,-4.578942822802193,STOP_LOSS,58714.38873626373,3.0534351145038108,
2024-01-25,DVG,EMA_CROSS,3.4033999999999995,3.0208403855086345,3.74,66.66666666666666,6.497985763493966,2024-01-25,2024-02-02,8,3.017819545123126,5876476.464711759,-2265854.468336802,-2322455.6866342966,-11.612278433171483,STOP_LOSS,56601.218297494794,,
2024-01-24,FID,BREAKOUT,2.4023999999999996,2.28,2.64,66.66666666666666,7.58855400057855,2024-01-24,2024-01-26,2,2.27772,8325008.325008326,-1037962.0379620354,-1096405.0949050924,-5.482025474525462,STOP_LOSS,58443.056943056945,,
2024-02-19,FID,PULLBACK,2.3022999999999993,2.178,2.6,57.142857142857125,,2024-02-19,2024-02-22,3,2.5974,8686965.208704341,2563523.433088656,2499678.147939023,12.498390739695116,TAKE_PROFIT,63845.28514963298,2.4590163934426275,
2024-03-12,FID,PULLBACK,2.7027,2.475,3.2,57.142857142857146,,2024-03-12,2024-04-08,27,2.472525,7400007.4000074,-1703296.7032967033,-1760741.7582417582,-8.803708791208791,STOP_LOSS,57445.054945054944,2.2222222222222214,
2024-03-21,FID,PULLBACK,2.7027,2.475,3.2,40.00000000000001,,2024-03-21,2024-04-08,18,2.472525,7400007.4000074,-1703296.7032967033,-1760741.7582417582,-8.803708791208791,STOP_LOSS,57445.054945054944,2.2222222222222214,
2024-03-22,FID,PULLBACK,2.7027,2.475,3.2,40.00000000000001,,2024-03-22,2024-04-08,17,2.472525,7400007.4000074,-1703296.7032967033,-1760741.7582417582,-8.803708791208791,STOP_LOSS,57445.054945054944,2.2222222222222214,
2024-03-27,FID,PULLBACK,2.7027,2.574,3.2,54.54545454545455,,2024-03-27,2024-04-02,6,2.5714259999999998,7400007.4000074,-971428.5714285739,-1029971.4285714311,-5.149857142857155,STOP_LOSS,58542.85714285714,3.9682539682539577,
2024-03-28,FID,PULLBACK,2.7027,2.574,3.1,54.54545454545455,,2024-03-28,2024-04-02,5,2.5714259999999998,7400007.4000074,-971428.5714285739,-1029971.4285714311,-5.149857142857155,STOP_LOSS,58542.85714285714,3.1746031746031655,
2024-04-03,FID,PULLBACK,2.7027,2.475,3.1,42.85714285714287,,2024-04-03,2024-04-08,5,2.472525,7400007.4000074,-1703296.7032967033,-1760741.7582417582,-8.803708791208791,STOP_LOSS,57445.054945054944,1.7777777777777768,
2024-04-17,HTP,BREAKOUT,13.613599999999998,12.92,14.96,68.00000000000001,5.234484625227764,2024-04-17,2024-04-22,5,14.94504,1469119.1161779398,1956043.9560439596,1893109.8901098936,9.465549450549467,TAKE_PROFIT,62934.06593406594,,
2024-05-09,HTP,PULLBACK,13.613599999999998,12.572999999999999,15.4,57.74647887323943,,2024-05-09,2024-05-24,15,12.560426999999999,1469119.1161779398,-1547236.5869424683,-1604915.7320620546,-8.024578660310274,STOP_LOSS,57679.1451195863,1.7526777020447897,
2024-05-10,HTP,PULLBACK,13.613599999999998,12.572999999999999,15.4,57.74647887323943,,2024-05-10,2024-05-24,14,12.560426999999999,1469119.1161779398,-1547236.5869424683,-1604915.7320620546,-8.024578660310274,STOP_LOSS,57679.1451195863,1.7526777020447897,
2024-05-13,HTP,PULLBACK,13.613599999999998,13.167,15.4,50.0,,2024-05-13,2024-05-14,1,13.153833,1469119.1161779398,-675452.4886877793,-734439.3099547476,-3.672196549773738,STOP_LOSS,58986.82126696833,4.157043879907625,
2024-05-16,HTP,PULLBACK,13.613599999999998,12.87,15.4,50.0,,2024-05-16,2024-05-21,5,12.85713,1469119.1161779398,-1111344.5378151238,-1169677.5210084012,-5.8483876050420065,STOP_LOSS,58332.983193277316,2.465753424657534,
2024-05-17,HTP,PULLBACK,13.513499999999999,12.87,15.4,46.341463414634134,,2024-05-17,2024-05-21,4,12.85713,1480001.48000148,-971428.57142857,-1029971.4285714271,-5.149857142857136,STOP_LOSS,58542.857142857145,3.0158730158730127,
2024-05-21,HTP,PULLBACK,13.3133,12.672,15.4,44.68085106382979,,2024-05-21,2024-05-24,3,12.659328,1502257.1413548857,-982434.1072461366,-1040960.4560852675,-5.204802280426337,STOP_LOSS,58526.34883913079,3.3439490445859863,
2024-05-22,HTP,PULLBACK,13.3133,12.672,15.4,45.65217391304349,,2024-05-22,2024-05-24,2,12.659328,1502257.1413548857,-982434.1072461366,-1040960.4560852675,-5.204802280426337,STOP_LOSS,58526.34883913079,3.3439490445859863,
2023-12-21,ITA,PULLBACK,6.65665,6.237,7.5,56.65722379603401,,2023-12-21,2024-01-12,22,6.2307630000000005,3004514.2827097713,-1279583.5743204148,-1337664.1989589343,-6.6883209947946725,STOP_LOSS,58080.62463851937,2.0581113801452764,
2023-12-25,ITA,PULLBACK,6.526519999999999,6.237,7.5,43.62416107382548,,2023-12-25,2024-01-12,18,6.2307630000000005,3064420.2423343533,-906323.737612076,-964964.2520056579,-4.824821260028289,STOP_LOSS,58640.514393581885,3.4628975265017745,
2024-01-03,ITA,PULLBACK,6.7067,6.237,7.5,44.87179487179486,,2024-01-03,2024-01-12,9,6.2307630000000005,2982092.5343313403,-1419288.1745120527,-1477159.2422502846,-7.3857962112514235,STOP_LOSS,57871.06773823192,1.7278617710583146,
2024-01-09,ITA,PULLBACK,6.596589999999999,6.336,7.5,46.7391304347826,,2024-01-09,2024-01-12,3,6.329664,3031869.4962094054,-809284.7971451883,-868070.8699494705,-4.3403543497473525,STOP_LOSS,58786.072804282216,3.5826771653543377,
2024-01-10,ITA,PULLBACK,6.506499999999999,6.336,7.5,51.807228915662634,,2024-01-10,2024-01-12,2,6.329664,3073849.227695382,-543567.2020287372,-602751.8512256941,-3.0137592561284703,STOP_LOSS,59184.649196956896,6.097560975609767,
2024-01-11,ITA,PULLBACK,6.526519999999999,6.336,7.5,45.578231292516975,,2024-01-11,2024-01-12,1,6.329664,3064420.2423343533,-603249.5112249671,-662344.6369581296,-3.311723184790648,STOP_LOSS,59095.12573316255,5.326086956521762,
2024-02-05,ITA,PULLBACK,6.316309999999999,6.1083,6.74,50.43478260869564,,2024-02-05,2024-02-22,17,6.7332600000000005,3166405.702063389,1320232.8574753355,1258252.5081891224,6.291262540945612,TAKE_PROFIT,61980.34928621301,2.1318790282597972,
2024-02-06,ITA,PULLBACK,6.32632,6.1083,6.74,50.86206896551727,,2024-02-06,2024-02-22,16,6.7332600000000005,3161395.5664588576,1286498.3118147692,1224568.5643470471,6.122842821735236,TAKE_PROFIT,61929.747467722154,1.9839395370807702,
2024-02-07,ITA,PULLBACK,6.316309999999999,6.138,6.74,55.66037735849053,,2024-02-07,2024-02-22,15,6.7332600000000005,3166405.702063389,1320232.8574753355,1258252.5081891224,6.291262540945612,TAKE_PROFIT,61980.34928621301,2.5000000000000075,
2024-02-15,ITA,PULLBACK,6.366359999999999,6.138,6.74,53.46534653465348,,2024-02-15,2024-02-22,7,6.7332600000000005,3141512.57547484,1152620.9639417224,1090892.0324958097,5.454460162479049,TAKE_PROFIT,61728.93144591259,1.711711711711708,
2024-02-23,ITA,PULLBACK,6.46646,6.2172,6.88,56.08108108108106,,2024-02-23,2024-02-27,4,6.2109828,3092882.349848294,-790160.9226686615,-848975.6812846585,-4.244878406423293,STOP_LOSS,58814.75861599701,1.7298187808896215,
2024-02-26,ITA,PULLBACK,6.4064,6.2172,6.88,51.70068027210886,,2024-02-26,2024-02-27,1,6.2109828,3121878.121878122,-610068.6813186802,-669153.5782967021,-3.345767891483511,STOP_LOSS,59084.89697802198,2.625820568927783,
2024-02-01,LCM,PULLBACK,2.6026,2.475,2.8,50.0,,2024-02-01,2024-02-22,21,2.7971999999999997,7684623.069238454,1495427.6492738023,1433184.5077998915,7.165922538999457,TAKE_PROFIT,62243.1414739107,1.5999999999999979,
2024-02-02,LCM,PULLBACK,2.6026,2.475,2.8,50.0,,2024-02-02,2024-02-22,20,2.7971999999999997,7684623.069238454,1495427.6492738023,1433184.5077998915,7.165922538999457,TAKE_PROFIT,62243.1414739107,1.5999999999999979,
2024-02-05,LCM,PULLBACK,2.6026,2.475,2.8,50.0,,2024-02-05,2024-02-22,17,2.7971999999999997,7684623.069238454,1495427.6492738023,1433184.5077998915,7.165922538999457,TAKE_PROFIT,62243.1414739107,1.5999999999999979,
2024-02-06,LCM,PULLBACK,2.6026,2.475,2.8,50.0,,2024-02-06,2024-02-22,16,2.7971999999999997,7684623.069238454,1495427.6492738023,1433184.5077998915,7.165922538999457,TAKE_PROFIT,62243.1414739107,1.5999999999999979,
2024-02-07,LCM,PULLBACK,2.6026,2.475,2.8,50.0,,2024-02-07,2024-02-22,15,2.7971999999999997,7684623.069238454,1495427.6492738023,1433184.5077998915,7.165922538999457,TAKE_PROFIT,62243.1414739107,1.5999999999999979,
2024-02-16,LCM,PULLBACK,2.6026,2.475,2.8,50.0,,2024-02-16,2024-02-22,6,2.7971999999999997,7684623.069238454,1495427.6492738023,1433184.5077998915,7.165922538999457,TAKE_PROFIT,62243.1414739107,1.5999999999999979,
2024-02-20,LCM,PULLBACK,2.6026,2.475,2.8,50.0,,2024-02-20,2024-02-22,2,2.7971999999999997,7684623.069238454,1495427.6492738023,1433184.5077998915,7.165922538999457,TAKE_PROFIT,62243.1414739107,1.5999999999999979,
2024-03-18,LCM,PULLBACK,2.9028999999999994,2.574,3.4,54.54545454545455,,2024-03-18,2024-04-16,29,2.5714259999999998,6889662.062075857,-2283743.84236453,-2340318.226600983,-11.701591133004916,STOP_LOSS,56574.38423645321,1.5337423312883431,
2024-03-20,LCM,PULLBACK,2.9028999999999994,2.574,3.4,53.846153846153854,,2024-03-20,2024-04-16,27,2.5714259999999998,6889662.062075857,-2283743.84236453,-2340318.226600983,-11.701591133004916,STOP_LOSS,56574.38423645321,1.5337423312883431,
2024-03-22,LCM,PULLBACK,2.9028999999999994,2.673,3.4,57.14285714285714,,2024-03-22,2024-04-05,14,2.670327,6889662.062075857,-1602349.3747631647,-1659945.8507010199,-8.299729253505099,STOP_LOSS,57596.475937855255,2.2026431718061685,
2024-03-26,LCM,PULLBACK,2.9028999999999994,2.673,3.4,56.25,,2024-03-26,2024-04-05,10,2.670327,6889662.062075857,-1602349.3747631647,-1659945.8507010199,-8.299729253505099,STOP_LOSS,57596.475937855255,2.2026431718061685,
2024-03-28,LCM,PULLBACK,2.9028999999999994,2.673,3.4,55.55555555555555,,2024-03-28,2024-04-05,8,2.670327,6889662.062075857,-1602349.3747631647,-1659945.8507010199,-8.299729253505099,STOP_LOSS,57596.475937855255,2.2026431718061685,
2024-03-29,LCM,PULLBACK,2.9028999999999994,2.673,3.4,46.666666666666664,,2024-03-29,2024-04-05,7,2.670327,6889662.062075857,-1602349.3747631647,-1659945.8507010199,-8.299729253505099,STOP_LOSS,57596.475937855255,2.2026431718061685,
2024-11-01,LMH,BREAKOUT,1.2011999999999998,1.14,1.32,62.5,3.1017655280800533,2024-11-01,2024-11-08,7,1.13886,16650016.650016652,-1037962.0379620354,-1096405.0949050924,-5.482025474525462,STOP_LOSS,58443.056943056945,,
2023-12-28,POM,PULLBACK,5.08508,4.7124,5.97,50.0,,2023-12-28,2024-01-29,32,5.32467,3933074.7992165317,942325.3911442914,880911.903057575,4.404559515287875,MAX_HOLD,61413.48808671643,2.421109902067461,
2024-01-15,POM,PULLBACK,5.105099999999999,4.959899999999999,5.73,48.905109489051085,,2024-01-15,2024-02-05,21,4.954940099999999,3917650.9764745063,-588274.0788623152,-647391.6677440216,-3.2369583387201084,STOP_LOSS,59117.58888170653,4.496788008565305,
2024-01-17,POM,PULLBACK,5.255249999999999,5.0292,5.73,56.68789808917197,,2024-01-17,2024-02-05,19,5.0241708,3805718.0914323777,-879422.2919937171,-938103.1585557265,-4.6905157927786325,STOP_LOSS,58680.866562009425,2.173913043478266,
2024-01-18,POM,PULLBACK,5.215209999999999,5.0292,5.73,54.14012738853503,,2024-01-18,2024-02-05,18,5.0241708,3834936.656433778,-732623.230895779,-791524.2960494353,-3.9576214802471763,STOP_LOSS,58901.06515365633,2.876106194690274,
2024-01-19,POM,PULLBACK,5.225219999999999,5.0292,5.73,53.24675324675324,,2024-01-19,2024-02-05,17,5.0241708,3827590.0344865867,-769533.914361497,-828379.6134899547,-4.141898067449774,STOP_LOSS,58845.69912845775,2.672955974842779,
2024-02-01,POM,PULLBACK,5.275269999999999,5.1381000000000006,5.69,51.67785234899329,,2024-02-01,2024-02-05,4,5.132961900000001,3791275.138523716,-539529.1615405408,-598719.8677982299,-2.9935993389911495,STOP_LOSS,59190.70625768919,3.1842304776346015,
2024-02-02,POM,PULLBACK,5.19519,5.1282,5.69,53.1034482758621,,2024-02-02,2024-02-05,3,5.1230718,3849714.832373792,-277634.50422410056,-337218.0524677644,-1.686090262338822,STOP_LOSS,59583.548243663856,8.090614886731295,
2024-03-11,POM,PULLBACK,5.305299999999999,5.1084000000000005,6.0,46.25,,2024-03-11,2024-03-18,7,5.1032916,3769815.090569808,-761534.3147418569,-820392.0132697441,-4.10196006634872,STOP_LOSS,58857.698527887216,3.6534446764091997,
2024-03-13,POM,PULLBACK,5.355349999999999,5.1084000000000005,6.0,52.25806451612902,,2024-03-13,2024-03-18,5,5.1032916,3734583.1738355113,-941333.0594638947,-999921.0598746989,-4.999605299373494,STOP_LOSS,58588.00041080416,2.6903973509933885,
2024-03-14,POM,PULLBACK,5.275269999999999,5.1084000000000005,6.0,46.405228758169926,,2024-03-14,2024-03-18,4,5.1032916,3791275.138523716,-652017.4322830819,-711039.4061346573,-3.5551970306732863,STOP_LOSS,59021.97385157538,4.517326732673296,
2024-03-15,POM,PULLBACK,5.315309999999999,5.148,6.0,47.770700636942664,,2024-03-15,2024-03-18,3,5.1428519999999995,3762715.6271224073,-648910.4116222752,-707937.0460048418,-3.539685230024209,STOP_LOSS,59026.63438256659,4.259259259259264,
2024-03-19,POM,PULLBACK,5.29529,4.9104,6.0,46.10778443113772,,2024-03-19,2024-04-01,13,4.9054896,3776941.3950888435,-1472253.2665821873,-1530044.8866823139,-7.650224433411569,STOP_LOSS,57791.62010012672,1.8703898840885145,
2024-03-20,POM,PULLBACK,5.29529,4.9104,6.0,49.35897435897437,,2024-03-20,2024-04-01,12,4.9054896,3776941.3950888435,-1472253.2665821873,-1530044.8866823139,-7.650224433411569,STOP_LOSS,57791.62010012672,1.8703898840885145,
2024-03-21,POM,PULLBACK,5.305299999999999,4.9104,6.0,51.31578947368422,,2024-03-21,2024-04-01,11,4.9054896,3769815.090569808,-1507211.279286747,-1564950.462367817,-7.824752311839085,STOP_LOSS,57739.18308106988,1.7967145790554433,
2024-03-22,POM,PULLBACK,5.32532,4.9104,6.0,51.31578947368422,,2024-03-22,2024-04-01,10,4.9054896,3755642.8533872147,-1576733.0413946938,-1634367.9418326018,-8.17183970916301,STOP_LOSS,57634.90043790796,1.6601562499999984,
2024-11-07,PSH,BREAKOUT,4.54454,4.313,4.994000000000001,63.445378151260506,2.1343754302911884,2024-11-07,2024-11-08,1,4.308687,4400885.458154181,-1037962.0379620366,-1096405.0949050935,-5.482025474525468,STOP_LOSS,58443.056943056945,,
2024-06-10,PSH,PULLBACK,6.6065999999999985,6.4944,8.0,50.34482758620688,,2024-06-10,2024-06-12,2,6.4879055999999995,3027275.7545484826,-359320.6793206763,-418781.6983016953,-2.0939084915084765,STOP_LOSS,59461.01898101899,13.257575757575772,
2024-06-11,PSH,PULLBACK,6.6065999999999985,6.4944,8.0,49.65034965034964,,2024-06-11,2024-06-12,1,6.4879055999999995,3027275.7545484826,-359320.6793206763,-418781.6983016953,-2.0939084915084765,STOP_LOSS,59461.01898101899,13.257575757575772,
2024-06-28,PSH,PULLBACK,6.186179999999999,5.7816,7.5,40.70796460176991,,2024-06-28,2024-07-24,26,5.7758184,3233012.9417508063,-1326704.3635975644,-1384714.307052168,-6.92357153526084,STOP_LOSS,58009.94345460365,3.3132530120481967,
2024-07-01,PSH,PULLBACK,6.32632,5.8212,7.27,44.16666666666668,,2024-07-01,2024-07-23,22,5.8153788,3161395.5664588576,-1615287.244401167,-1672864.3135345653,-8.364321567672826,STOP_LOSS,57577.06913339825,1.9045709703287872,
2024-07-05,PSH,PULLBACK,6.2062,5.8212,6.95,57.29166666666667,,2024-07-05,2024-07-23,18,5.8153788,3222583.8677451583,-1259454.0942928025,-1317564.9131513634,-6.587824565756817,STOP_LOSS,58110.8188585608,1.979936642027455,
2024-07-10,PSH,PULLBACK,6.356349999999999,6.088500000000001,6.9,56.19047619047618,,2024-07-10,2024-07-17,7,6.082411500000001,3146459.839373226,-861936.4887081364,-920643.5839750741,-4.60321791987537,STOP_LOSS,58707.0952669378,2.1032504780114833,
2024-07-11,PSH,PULLBACK,6.336329999999999,6.088500000000001,6.9,56.73076923076923,,2024-07-11,2024-07-17,6,6.082411500000001,3156401.2606666638,-801468.6735065832,-860266.4704963233,-4.301332352481617,STOP_LOSS,58797.79698974012,2.360248447204976,
2024-07-12,PSH,PULLBACK,6.306299999999999,6.088500000000001,6.9,59.595959595959584,,2024-07-12,2024-07-17,5,6.082411500000001,3171431.7428603144,-710047.0957613763,-768982.0251177342,-3.8449101255886715,STOP_LOSS,58934.929356357934,2.836879432624128,
2024-06-03,PVL,PULLBACK,5.2052,4.851,5.9,59.25925925925926,,2024-06-03,2024-06-07,4,4.846149,3842311.534619227,-1379585.7988165682,-1437516.4201183433,-7.187582100591716,STOP_LOSS,57930.62130177514,2.0057306590257875,
2024-11-01,PVL,EMA_CROSS,3.9038999999999993,3.5567340302411203,4.29,68.18181818181817,1.952847207323343,2024-11-01,2024-12-06,35,3.8961,5123082.04615897,-39960.03996003557,-99900.09990009552,-0.49950049950047765,MAX_HOLD,59940.059940059946,,
2024-01-19,PVV,PULLBACK,1.9018999999999997,1.881,2.1,50.0,,2024-01-19,2024-01-26,7,1.879119,10515799.989484202,-239560.43956043664,-299201.098901096,-1.49600549450548,STOP_LOSS,59640.659340659346,10.526315789473745,
2024-01-22,PVV,PULLBACK,1.9018999999999997,1.881,2.1,50.0,,2024-01-22,2024-01-26,4,1.879119,10515799.989484202,-239560.43956043664,-299201.098901096,-1.49600549450548,STOP_LOSS,59640.659340659346,10.526315789473745,
2024-01-23,PVV,PULLBACK,1.9018999999999997,1.881,2.1,50.0,,2024-01-23,2024-01-26,3,1.879119,10515799.989484202,-239560.43956043664,-299201.098901096,-1.49600549450548,STOP_LOSS,59640.659340659346,10.526315789473745,
2024-01-24,PVV,PULLBACK,1.9018999999999997,1.881,2.1,50.0,,2024-01-24,2024-01-26,2,1.879119,10515799.989484202,-239560.43956043664,-299201.098901096,-1.49600549450548,STOP_LOSS,59640.659340659346,10.526315789473745,
2024-03-22,PVX,PULLBACK,2.2022,2.079,2.5,50.0,,2024-03-22,2024-04-19,28,2.076921,9081827.263645446,-1137762.237762237,-1196055.5944055936,-5.9802779720279675,STOP_LOSS,58293.356643356645,2.479338842975205,
2024-04-05,PVX,PULLBACK,2.2022,2.079,2.5,50.0,,2024-04-05,2024-04-19,14,2.076921,9081827.263645446,-1137762.237762237,-1196055.5944055936,-5.9802779720279675,STOP_LOSS,58293.356643356645,2.479338842975205,
2024-04-08,PVX,PULLBACK,2.2022,2.079,2.5,50.0,,2024-04-08,2024-04-19,11,2.076921,9081827.263645446,-1137762.237762237,-1196055.5944055936,-5.9802779720279675,STOP_LOSS,58293.356643356645,2.479338842975205,
2024-04-09,PVX,PULLBACK,2.2022,2.079,2.5,50.0,,2024-04-09,2024-04-19,10,2.076921,9081827.263645446,-1137762.237762237,-1196055.5944055936,-5.9802779720279675,STOP_LOSS,58293.356643356645,2.479338842975205,
2024-04-10,PVX,PULLBACK,2.2022,2.079,2.5,50.0,,2024-04-10,2024-04-19,9,2.076921,9081827.263645446,-1137762.237762237,-1196055.5944055936,-5.9802779720279675,STOP_LOSS,58293.356643356645,2.479338842975205,
2024-04-11,PVX,PULLBACK,2.2022,2.079,2.5,50.0,,2024-04-11,2024-04-19,8,2.076921,9081827.263645446,-1137762.237762237,-1196055.5944055936,-5.9802779720279675,STOP_LOSS,58293.356643356645,2.479338842975205,
2024-06-24,PVX,PULLBACK,2.3022999999999993,2.178,2.7,57.142857142857125,,2024-06-24,2024-06-28,4,2.175822,8686965.208704341,-1098709.9856665006,-1157061.920688001,-5.785309603440005,STOP_LOSS,58351.93502150025,3.27868852459017,
2024-06-25,PVX,PULLBACK,2.3022999999999993,2.178,2.7,57.142857142857125,,2024-06-25,2024-06-28,3,2.175822,8686965.208704341,-1098709.9856665006,-1157061.920688001,-5.785309603440005,STOP_LOSS,58351.93502150025,3.27868852459017,
2024-06-26,PVX,PULLBACK,2.3022999999999993,2.178,2.7,57.142857142857125,,2024-06-26,2024-06-28,2,2.175822,8686965.208704341,-1098709.9856665006,-1157061.920688001,-5.785309603440005,STOP_LOSS,58351.93502150025,3.27868852459017,
2024-07-12,PVX,EMA_CROSS,2.4023999999999996,2.144114092455301,2.64,60.000000000000014,9.210357041454333,2024-07-12,2024-07-26,14,2.1419699783628454,8325008.325008326,-2168082.0982114077,-2224829.9750640905,-11.124149875320452,STOP_LOSS,56747.87685268289,,
2024-02-22,PXS,BREAKOUT,4.504499999999999,4.2749999999999995,4.95,59.999999999999986,2.55848848088207,2024-02-22,2024-02-23,1,4.270725,4440004.440004441,-1037962.0379620366,-1096405.0949050935,-5.482025474525468,STOP_LOSS,58443.056943056945,,
2024-04-01,PXS,BREAKOUT,4.804799999999999,4.56,5.28,68.74999999999994,5.08227465652627,2024-04-01,2024-04-11,10,4.55544,4162504.162504163,-1037962.0379620354,-1096405.0949050924,-5.482025474525462,STOP_LOSS,58443.056943056945,,
2024-04-10,PXS,PULLBACK,4.604599999999999,4.257,5.2,55.55555555555553,,2024-04-10,2024-04-15,5,4.252743,4343482.604352171,-1528284.7587195372,-1585992.331581458,-7.92996165790729,STOP_LOSS,57707.57286192069,1.7492711370262408,
2024-04-01,PXS,EMA_CROSS,4.804799999999999,4.263216195889703,5.28,68.74999999999994,5.08227465652627,2024-04-01,2024-04-15,14,4.258952979693813,4162504.162504163,-2272090.4941149945,-2328682.358373822,-11.643411791869111,STOP_LOSS,56591.86425882751,,
2024-01-05,QBS,PULLBACK,2.36236,2.2869,2.51,40.90909090909089,,2024-01-05,2024-01-15,10,2.2846131,8466110.161025416,-658213.8200782246,-717226.4993481073,-3.5861324967405364,STOP_LOSS,59012.67926988266,2.0519835841313334,
2024-01-09,RDP,BREAKOUT,9.769759999999998,9.272,10.736,65.13761467889917,8.41360176677019,2024-01-09,2024-01-12,3,9.262728000000001,2047133.1946741787,-1037962.0379620321,-1096405.0949050891,-5.482025474525446,STOP_LOSS,58443.05694305696,,
2024-01-26,SPI,BREAKOUT,3.4033999999999995,3.23,3.74,62.49999999999998,5.6894965118015355,2024-01-26,2024-01-30,4,3.22677,5876476.464711759,-1037962.0379620345,-1096405.0949050914,-5.482025474525457,STOP_LOSS,58443.056943056945,,
2024-01-29,SPI,BREAKOUT,3.5035,3.3249999999999997,3.8500000000000005,66.66666666666666,7.2149518026635615,2024-01-29,2024-01-30,1,3.321675,5708577.137148566,-1037962.0379620374,-1096405.0949050942,-5.4820254745254715,STOP_LOSS,58443.056943056945,,
2024-09-06,SPI,BREAKOUT,2.4023999999999996,2.28,2.64,63.63636363636362,3.3163186388244394,2024-09-06,2024-09-10,4,2.63736,8325008.325008326,1956043.9560439605,1893109.8901098946,9.465549450549473,TAKE_PROFIT,62934.06593406594,,
2024-09-09,SPI,BREAKOUT,2.6026,2.4699999999999998,2.8600000000000003,66.66666666666666,4.729425695677916,2024-09-09,2024-09-11,2,2.8571400000000002,7684623.069238454,1956043.9560439594,1893109.8901098934,9.465549450549467,TAKE_PROFIT,62934.06593406594,,
2024-01-29,SPI,SWING_T+,3.5035,3.3249999999999997,3.7800000000000002,66.66666666666666,7.2149518026635615,2024-01-29,2024-01-30,1,3.321675,5708577.137148566,-1037962.0379620374,-1096405.0949050942,-5.4820254745254715,STOP_LOSS,58443.056943056945,,2.0
2024-09-09,SPI,SWING_T+,2.6026,2.4699999999999998,2.8080000000000003,66.66666666666666,4.729425695677916,2024-09-09,2024-09-11,2,2.8051920000000004,7684623.069238454,1556843.1568431612,1494507.8921078965,7.472539460539483,TAKE_PROFIT,62335.26473526474,,2.0
2024-02-07,SPI,PULLBACK,3.2032,2.9699999999999998,3.7,57.14285714285715,,2024-02-07,2024-03-11,33,3.1968,6243756.243756244,-39960.03996003833,-99900.09990009828,-0.4995004995004914,MAX_HOLD,59940.059940059946,2.1739130434782568,
2024-02-20,SPI,PULLBACK,3.2032,3.168,3.7,50.0,,2024-02-20,2024-02-28,8,3.164832,6243756.243756244,-239560.43956043792,-299201.09890109726,-1.4960054945054864,STOP_LOSS,59640.659340659346,15.624999999999986,
2024-02-21,SPI,PULLBACK,3.2032,3.168,3.7,53.33333333333334,,2024-02-21,2024-02-28,7,3.164832,6243756.243756244,-239560.43956043792,-299201.09890109726,-1.4960054945054864,STOP_LOSS,59640.659340659346,15.624999999999986,
2024-02-26,SPI,PULLBACK,3.3032999999999992,3.168,3.7,50.0,,2024-02-26,2024-02-28,2,3.164832,6054551.509096965,-838361.6383616334,-897104.0959040909,-4.485520479520455,STOP_LOSS,58742.45754245755,3.0303030303030405,
2024-10-07,SPI,PULLBACK,4.004,3.564,6.0,51.020408163265316,,2024-10-07,2024-10-10,3,3.560436,4995004.995004996,-2215604.395604393,-2272280.9890109864,-11.361404945054932,STOP_LOSS,56676.59340659341,4.587155963302753,
2024-09-11,SPI,EMA_CROSS,2.8027999999999995,2.2358510841070967,3.08,76.9230769230769,9.32153048744977,2024-09-11,2024-09-13,2,3.07692,7135721.421435708,1956043.956043959,1893109.890109893,9.465549450549466,TAKE_PROFIT,62934.06593406594,,
2024-05-30,SRA,BREAKOUT,4.004,3.8,4.4,60.0,3.6752527598210945,2024-05-30,2024-05-31,1,4.3956,4995004.995004996,1956043.9560439582,1893109.8901098922,9.465549450549462,TAKE_PROFIT,62934.06593406594,,
2024-05-31,SRA,BREAKOUT,4.4044,4.18,4.840000000000001,61.904761904761905,2.4485863926732523,2024-05-31,2024-06-05,5,4.835160000000001,4540913.631822723,1956043.9560439612,1893109.8901098953,9.465549450549476,TAKE_PROFIT,62934.06593406595,,
2024-05-31,SRA,SWING_T+,4.4044,4.18,4.752000000000001,61.904761904761905,2.4485863926732523,2024-05-31,2024-06-03,3,4.5954,4540913.631822723,867314.5036781393,806013.5319226221,4.030067659613111,MAX_HOLD,61300.97175551721,,2.0
2024-05-24,SRA,PULLBACK,3.4033999999999995,3.366,3.9,57.89473684210526,,2024-05-24,2024-05-30,6,3.8961,5876476.464711759,2895339.954163487,2830996.9442322417,14.15498472116121,TAKE_PROFIT,64343.00993124523,14.70588235294126,
2024-06-26,SRA,PULLBACK,4.2042,3.8609999999999998,4.9,43.75,,2024-06-26,2024-06-28,2,3.8571389999999997,4757147.614290471,-1651020.4081632677,-1708543.8775510227,-8.542719387755113,STOP_LOSS,57523.4693877551,2.06489675516224,
2024-06-27,SRA,PULLBACK,4.104099999999999,3.8609999999999998,4.9,41.176470588235276,,2024-06-27,2024-06-28,1,3.8571389999999997,4873175.604882923,-1203484.3205574881,-1261679.0940766518,-6.3083954703832585,STOP_LOSS,58194.77351916376,3.347280334728038,
2024-07-03,SRA,PULLBACK,4.004,3.762,4.7,41.1764705882353,,2024-07-03,2024-07-08,5,3.758238,4995004.995004996,-1227582.4175824157,-1285741.043956042,-6.428705219780211,STOP_LOSS,58158.62637362638,2.9411764705882364,
2024-07-04,SRA,PULLBACK,4.004,3.762,4.6,46.66666666666668,,2024-07-04,2024-07-08,4,3.758238,4995004.995004996,-1227582.4175824157,-1285741.043956042,-6.428705219780211,STOP_LOSS,58158.62637362638,2.521008403361343,
2024-05-20,SRA,EMA_CROSS,3.7037,3.3341639058033703,4.07,70.58823529411765,1.4363611197075203,2024-05-20,2024-05-31,11,4.065930000000001,5400005.4000054,1956043.95604396,1893109.890109894,9.46554945054947,TAKE_PROFIT,62934.06593406595,,
2023-12-28,TC6,PULLBACK,7.977969999999999,7.603199999999999,8.84,46.54545454545454,,2023-12-28,2024-01-08,11,8.83116,2506903.3851969866,2138864.8992162207,2075656.6018673964,10.378283009336982,TAKE_PROFIT,63208.29734882434,2.3718647764449265,
2024-01-03,TC6,PULLBACK,8.078069999999999,7.603199999999999,8.84,52.427184466019426,,2024-01-03,2024-01-08,5,8.83116,2475838.9070656733,1864529.522522093,1801732.72823831,9.00866364119155,TAKE_PROFIT,62796.794283783136,1.6495287060839716,
2024-01-05,TC6,PULLBACK,8.078069999999999,7.603199999999999,8.84,55.154639175257735,,2024-01-05,2024-01-08,3,8.83116,2475838.9070656733,1864529.522522093,1801732.72823831,9.00866364119155,TAKE_PROFIT,62796.794283783136,1.6495287060839716,
2024-05-29,TC6,PULLBACK,10.210199999999999,9.998999999999999,10.7,56.83453237410067,,2024-05-29,2024-06-05,7,10.6893,1958825.4882372532,938473.2914144695,877065.5814773478,4.385327907386738,TAKE_PROFIT,61407.709937121705,2.48756218905472,
2024-05-30,TC6,PULLBACK,10.210199999999999,9.998999999999999,10.7,53.48837209302322,,2024-05-30,2024-06-05,6,10.6893,1958825.4882372532,938473.2914144695,877065.5814773478,4.385327907386738,TAKE_PROFIT,61407.709937121705,2.48756218905472,
2024-05-31,TC6,PULLBACK,10.210199999999999,9.998999999999999,10.7,45.45454545454541,,2024-05-31,2024-06-05,5,10.6893,1958825.4882372532,938473.2914144695,877065.5814773478,4.385327907386738,TAKE_PROFIT,61407.709937121705,2.48756218905472,
2024-06-14,TC6,PULLBACK,10.610599999999998,10.097999999999999,12.2,57.142857142857146,,2024-06-14,2024-06-24,10,10.789200000000001,1884907.545284904,336644.4875878895,276139.52085650765,1.3806976042825383,END_OF_DATA,60504.966731381835,3.187250996015931,
2024-06-17,TC6,PULLBACK,10.8108,10.197000000000001,12.2,58.62068965517241,,2024-06-17,2024-06-24,7,10.789200000000001,1850001.85000185,-39960.03996003884,-99900.09990009878,-0.49950049950049386,END_OF_DATA,59940.059940059946,2.32172470978441,
2023-12-08,TC6,EMA_CROSS,8.168159999999999,7.019979655746922,8.976,92.64705882352943,8.36481449960969,2023-12-08,2024-01-08,31,8.641350000000001,2448531.8602965665,1158620.7909737383,1096882.8597872776,5.484414298936388,MAX_HOLD,61737.931186460606,,
2023-07-20,TDN,BREAKOUT,9.77977,9.2815,10.747,68.61313868613138,4.94348317200794,2023-07-20,2023-08-18,29,9.2722185,2045037.868988739,-1037962.0379620378,-1096405.0949050947,-5.482025474525474,STOP_LOSS,58443.056943056945,,
2023-12-04,TDN,BREAKOUT,8.23823,7.8185,9.053,63.82978723404256,1.6649798095290733,2023-12-04,2024-01-04,31,8.991,2427705.9513997547,1827504.2090351933,1764762.9527216405,8.823814763608203,MAX_HOLD,62741.25631355279,,
2024-03-13,TDN,BREAKOUT,10.47046,9.937000000000001,11.506000000000002,64.70588235294122,2.847547842460255,2024-03-13,2024-03-28,15,11.494494000000001,1910135.7533479906,1956043.9560439603,1893109.8901098943,9.465549450549473,TAKE_PROFIT,62934.06593406594,,
2023-12-28,TNA,BREAKOUT,5.855849999999999,5.557499999999999,6.4350000000000005,57.377049180327845,9.566986230044447,2023-12-28,2024-01-12,15,5.551942499999999,3415388.0307726464,-1037962.0379620388,-1096405.0949050956,-5.482025474525478,STOP_LOSS,58443.056943056945,,
2024-02-19,TNA,BREAKOUT,5.945939999999999,5.643,6.534000000000001,56.962025316455716,9.66045674432975,2024-02-19,2024-02-21,2,6.527466,3363639.7272760915,1956043.95604396,1893109.890109894,9.46554945054947,TAKE_PROFIT,62934.06593406595,,
2024-04-23,TNA,BREAKOUT,6.106099999999999,5.794999999999999,6.71,68.18181818181817,1.810088353654424,2024-04-23,2024-04-24,1,5.789204999999999,3275413.111478686,-1037962.0379620371,-1096405.094905094,-5.482025474525471,STOP_LOSS,58443.056943056945,,
2024-03-08,TNA,PULLBACK,6.096089999999999,5.7321,6.75,55.555555555555536,,2024-03-08,2024-03-18,10,5.7263679,3280791.45813136,-1212981.1075623876,-1271161.6359010441,-6.355808179505221,STOP_LOSS,58180.52833865641,1.8440905280804705,
2024-02-20,TNA,EMA_CROSS,6.356349999999999,5.592249206836937,6.985,73.50427350427351,2.77895136896548,2024-02-20,2024-03-22,31,5.934060000000001,3146459.839373226,-1328718.5255689148,-1386725.4477805614,-6.933627238902806,MAX_HOLD,58006.922211646626,,
2024-10-11,VKC,BREAKOUT,1.2011999999999998,1.14,1.32,62.49999999999999,5.315824620607741,2024-10-11,2024-10-18,7,1.13886,16650016.650016652,-1037962.0379620354,-1096405.0949050924,-5.482025474525462,STOP_LOSS,58443.056943056945,,
2024-01-11,VKC,PULLBACK,0.9008999999999999,0.891,1.0,50.0,,2024-01-11,2024-01-12,1,0.890109,22200022.200022202,-239560.439560437,-299201.0989010963,-1.4960054945054817,STOP_LOSS,59640.659340659346,11.111111111111098,
2024-06-07,VKC,PULLBACK,1.5014999999999998,1.386,1.7,57.142857142857146,,2024-06-07,2024-06-14,7,1.3846139999999998,13320013.320013322,-1556923.0769230777,-1614587.6923076932,-8.072938461538467,STOP_LOSS,57664.61538461539,1.7543859649122788,
2024-06-10,VKC,PULLBACK,1.5014999999999998,1.386,1.7,57.142857142857146,,2024-06-10,2024-06-14,4,1.3846139999999998,13320013.320013322,-1556923.0769230777,-1614587.6923076932,-8.072938461538467,STOP_LOSS,57664.61538461539,1.7543859649122788,
2024-06-11,VKC,PULLBACK,1.5014999999999998,1.386,1.7,57.142857142857146,,2024-06-11,2024-06-14,3,1.3846139999999998,13320013.320013322,-1556923.0769230777,-1614587.6923076932,-8.072938461538467,STOP_LOSS,57664.61538461539,1.7543859649122788,
2024-06-12,VKC,PULLBACK,1.5014999999999998,1.386,1.7,57.142857142857146,,2024-06-12,2024-06-14,2,1.3846139999999998,13320013.320013322,-1556923.0769230777,-1614587.6923076932,-8.072938461538467,STOP_LOSS,57664.61538461539,1.7543859649122788,
2024-03-08,VKC,EMA_CROSS,1.001,0.8803052369773868,1.1,100.0,8.08719835851377,2024-03-08,2024-03-15,7,0.8794249317404095,19980019.980019983,-2429072.2928989097,-2485428.6844595615,-12.427143422297808,STOP_LOSS,56356.39156065164,,
2024-03-19,VNH,PULLBACK,2.8027999999999995,2.475,4.0,53.57142857142856,,2024-03-19,2024-04-05,17,2.472525,7135721.421435708,-2356750.3924646745,-2413215.2668759776,-12.066076334379888,STOP_LOSS,56464.87441130299,3.692307692307696,
2024-03-25,VNH,PULLBACK,2.9028999999999994,2.574,4.0,54.83870967741936,,2024-03-25,2024-04-05,11,2.5714259999999998,6889662.062075857,-2283743.84236453,-2340318.226600983,-11.701591133004916,STOP_LOSS,56574.38423645321,3.3742331288343554,
2024-03-26,VNH,PULLBACK,2.9028999999999994,2.574,4.0,51.72413793103448,,2024-03-26,2024-04-05,10,2.5714259999999998,6889662.062075857,-2283743.84236453,-2340318.226600983,-11.701591133004916,STOP_LOSS,56574.38423645321,3.3742331288343554,
2024-03-27,VNH,PULLBACK,3.0029999999999997,2.574,4.0,53.33333333333334,,2024-03-27,2024-04-05,9,2.5714259999999998,6660006.660006661,-2874285.714285714,-2929974.2857142854,-14.649871428571426,STOP_LOSS,55688.571428571435,2.347417840375586,
2024-03-28,VNH,PULLBACK,2.9028999999999994,2.574,4.0,55.17241379310345,,2024-03-28,2024-04-05,8,2.5714259999999998,6889662.062075857,-2283743.84236453,-2340318.226600983,-11.701591133004916,STOP_LOSS,56574.38423645321,3.3742331288343554,
2024-04-01,VNH,PULLBACK,2.9028999999999994,2.574,4.0,43.99999999999999,,2024-04-01,2024-04-05,4,2.5714259999999998,6889662.062075857,-2283743.84236453,-2340318.226600983,-11.701591133004916,STOP_LOSS,56574.38423645321,3.3742331288343554,
2024-01-16,VNH,EMA_CROSS,2.5024999999999995,2.3377206531524912,2.75,57.14285714285715,1.9296915108713752,2024-01-16,2024-01-19,3,2.3353829324993387,7992007.992007993,-1335600.9390662203,-1393597.537657621,-6.967987688288105,STOP_LOSS,57996.598591400674,,
2024-07-05,VST,PULLBACK,3.4033999999999995,3.366,4.2,59.99999999999999,,2024-07-05,2024-07-12,7,3.362634,5876476.464711759,-239560.43956043743,-299201.0989010968,-1.496005494505484,STOP_LOSS,59640.659340659346,23.529411764706023,
2024-07-11,VST,PULLBACK,3.5035,3.366,4.2,50.0,,2024-07-11,2024-07-12,1,3.362634,5708577.137148566,-804144.4270015694,-862938.2103610671,-4.314691051805335,STOP_LOSS,58793.78335949765,5.223880597014931,
